Process_Count,Total_List_Size,Execution_Time
1,20480000,2.216297
2,40960000,2.277529
4,81920000,2.373498
8,163840000,2.472078
16,327680000,2.574610
32,655360000,2.732360
64,1310720000,3.174889
